{
	"ScriptData": "",
	"AmbientStrength": 1,
	"Id": 1027,
	"AmbientColor": 16777215,
	"Entities": [
		[
			"MainCamera",
			"CameraEntity",
			"0.25,0,0,0,0,0.2499813437461853,0.0030542502645403147,0,0,-0.0030542502645403147,0.2499813437461853,0,0.30036136507987976,8.18340015411377,-31.350000381469727,1",
			"",
			true,
			false,
			"",
			"3d/helpers/Gizmo_Camera.sea",
			true,
			true,
			true,
			true,
			false,
			false,
			"",
			"",
			"",
			[],
			"",
			"",
			27,
			1,
			400,
			"Perspective"
		],
		[
			"avatarSpawn2",
			"HelperEntity",
			"1.274779200553894,0,-0.8278513550758362,0,0,1.5199999809265137,0,0,0.8278513550758362,0,1.274779200553894,0,0,0.6000000238418579,10,1",
			"",
			true,
			false,
			"",
			"",
			true,
			false,
			true,
			true,
			false,
			false,
			"",
			"",
			"",
			[
				[
					"PlayerAvatarSpawnBehaviour",
					"avatarSpawn2_PlayerAvatarSpawnBehaviour",
					false,
					true,
					"",
					"",
					"",
					"",
					"",
					false
				]
			],
			"",
			""
		],
		[
			"avatarSpawn3",
			"HelperEntity",
			"1.274779200553894,0,-0.8278513550758362,0,0,1.5199999809265137,0,0,0.8278513550758362,0,1.274779200553894,0,10,0,21,1",
			"",
			true,
			false,
			"",
			"",
			true,
			false,
			true,
			true,
			false,
			false,
			"",
			"",
			"",
			[
				[
					"PlayerAvatarSpawnBehaviour",
					"avatarSpawn3_PlayerAvatarSpawnBehaviour",
					false,
					false,
					"",
					"",
					"",
					"",
					"",
					false
				]
			],
			"",
			""
		],
		[
			"avatarSpawn4",
			"HelperEntity",
			"1.274779200553894,0,-0.8278513550758362,0,0,1.5199999809265137,0,0,0.8278513550758362,0,1.274779200553894,0,54.0596809387207,0,70,1",
			"",
			true,
			false,
			"",
			"",
			true,
			false,
			true,
			true,
			false,
			false,
			"",
			"",
			"",
			[
				[
					"PlayerAvatarSpawnBehaviour",
					"avatarSpawn4_PlayerAvatarSpawnBehaviour",
					false,
					false,
					"",
					"",
					"",
					"",
					"",
					false
				]
			],
			"",
			""
		],
		[
			"avatarSpawn1",
			"HelperEntity",
			"1.274779200553894,0,-0.8278513550758362,0,0,1.5199999809265137,0,0,0.8278513550758362,0,1.274779200553894,0,-10,0,21,1",
			"",
			true,
			false,
			"",
			"",
			true,
			false,
			true,
			true,
			false,
			false,
			"",
			"",
			"",
			[
				[
					"PlayerAvatarSpawnBehaviour",
					"avatarSpawn1_PlayerAvatarSpawnBehaviour",
					false,
					false,
					"",
					"",
					"",
					"",
					"",
					false
				]
			],
			"",
			""
		],
		[
			"avatarSpawn0",
			"HelperEntity",
			"1.274779200553894,0,-0.8278513550758362,0,0,1.5199999809265137,0,0,0.8278513550758362,0,1.274779200553894,0,-49.37576675415039,0,70,1",
			"",
			true,
			false,
			"",
			"",
			true,
			false,
			true,
			true,
			false,
			false,
			"",
			"",
			"",
			[
				[
					"PlayerAvatarSpawnBehaviour",
					"avatarSpawn0_PlayerAvatarSpawnBehaviour",
					false,
					false,
					"",
					"",
					"",
					"",
					"",
					false
				]
			],
			"",
			""
		],
		[
			"Ground",
			"BasicEntity",
			"1.5,0,0,0,0,1.4989925622940063,-0.05496557056903839,0,0,0.05496557056903839,1.4989925622940063,0,0,0,19.255388259887695,1",
			"",
			true,
			false,
			"shadowCaster",
			"3d/zones/LoginArea/LoginArea.sea",
			true,
			false,
			true,
			true,
			false,
			false,
			"",
			"",
			"",
			[],
			"",
			""
		],
		[
			"SkyPlane",
			"BasicEntity",
			"0.6000000238418579,0,0,0,0,0.6000000238418579,0,0,0,0,1,0,0,16.459068298339844,100.01528930664063,1",
			"",
			true,
			false,
			"",
			"3d/zones/portofquests/Sky.sea",
			true,
			false,
			true,
			true,
			false,
			false,
			"",
			"",
			"",
			[],
			"",
			""
		],
		[
			"Light_ShadowCaster",
			"LightEntity",
			"0.0707106739282608,0.0707106739282608,5.551114792253538e-18,0,-0.049999989569187164,0.049999989569187164,0.0707106813788414,0,0.05000000074505806,-0.05000000074505806,0.0707106739282608,0,-17.01192855834961,25.636028289794922,0,1",
			"",
			true,
			true,
			"",
			"3d/helpers/Gizmo_DirectionalLight.sea",
			false,
			false,
			true,
			true,
			false,
			false,
			"",
			"",
			"",
			[],
			"",
			"",
			"Directional Light",
			0,
			0.1,
			0.1,
			100,
			500,
			16777215,
			"shadowCaster",
			16777215,
			true,
			true
		],
		[
			"Light_Key",
			"LightEntity",
			"0.0707106739282608,0.0707106739282608,5.5511160330244565e-18,0,-0.05000000074505806,0.05000000074505806,0.0707106739282608,0,0.04999999329447746,-0.04999999329447746,0.0707106813788414,0,8.058928489685059,29.58966636657715,0,1",
			"",
			true,
			false,
			"",
			"3d/helpers/Gizmo_DirectionalLight.sea",
			false,
			false,
			true,
			false,
			false,
			false,
			"",
			"",
			"",
			[],
			"",
			"",
			"Directional Light",
			0,
			0.3,
			0.4,
			100,
			500,
			16777215,
			"",
			16777215,
			false,
			true
		],
		[
			"Light_Ambient",
			"LightEntity",
			"0.0707106739282608,0.0707106739282608,5.5511160330244565e-18,0,-0.05000000074505806,0.05000000074505806,0.0707106739282608,0,0.04999999329447746,-0.04999999329447746,0.0707106813788414,0,-6.347662925720215,29.06563377380371,0,1",
			"",
			true,
			false,
			"",
			"3d/helpers/Gizmo_DirectionalLight.sea",
			false,
			false,
			true,
			true,
			false,
			false,
			"",
			"",
			"",
			[],
			"",
			"",
			"Directional Light",
			0.8,
			0,
			0,
			100,
			500,
			16777215,
			"",
			16777215,
			false,
			true
		]
	],
	"Name": "Port of Quests",
	"Alias": "Login Area"
}